"","","Invalid URL: billingwithhttps.com in file: C:\Users\priyank\Documents\Visual Studio 2012\Projects\broken-links-extractor\500k quantcast links for priyank to crawl and find broken links - 2 links deep.txt"
"","","Invalid URL: buyhttp.com in file: C:\Users\priyank\Documents\Visual Studio 2012\Projects\broken-links-extractor\500k quantcast links for priyank to crawl and find broken links - 2 links deep.txt"
"","","Invalid URL: http.com in file: C:\Users\priyank\Documents\Visual Studio 2012\Projects\broken-links-extractor\500k quantcast links for priyank to crawl and find broken links - 2 links deep.txt"
"","","Invalid URL: http.or.kr in file: C:\Users\priyank\Documents\Visual Studio 2012\Projects\broken-links-extractor\500k quantcast links for priyank to crawl and find broken links - 2 links deep.txt"
"","","Invalid URL: http3w.org in file: C:\Users\priyank\Documents\Visual Studio 2012\Projects\broken-links-extractor\500k quantcast links for priyank to crawl and find broken links - 2 links deep.txt"
"","","Invalid URL: httpbambi-boyblogspotcom2.blogspot.com in file: C:\Users\priyank\Documents\Visual Studio 2012\Projects\broken-links-extractor\500k quantcast links for priyank to crawl and find broken links - 2 links deep.txt"
"","","Invalid URL: httpcn.com in file: C:\Users\priyank\Documents\Visual Studio 2012\Projects\broken-links-extractor\500k quantcast links for priyank to crawl and find broken links - 2 links deep.txt"
"","","Invalid URL: httpconsumercellular.com in file: C:\Users\priyank\Documents\Visual Studio 2012\Projects\broken-links-extractor\500k quantcast links for priyank to crawl and find broken links - 2 links deep.txt"
"","","Invalid URL: httpcox.com in file: C:\Users\priyank\Documents\Visual Studio 2012\Projects\broken-links-extractor\500k quantcast links for priyank to crawl and find broken links - 2 links deep.txt"
"","","Invalid URL: http-design.com in file: C:\Users\priyank\Documents\Visual Studio 2012\Projects\broken-links-extractor\500k quantcast links for priyank to crawl and find broken links - 2 links deep.txt"
"","","Invalid URL: httpelephantlist.com in file: C:\Users\priyank\Documents\Visual Studio 2012\Projects\broken-links-extractor\500k quantcast links for priyank to crawl and find broken links - 2 links deep.txt"
"","","Invalid URL: httpeurogirlsongirls.com in file: C:\Users\priyank\Documents\Visual Studio 2012\Projects\broken-links-extractor\500k quantcast links for priyank to crawl and find broken links - 2 links deep.txt"
"","","Invalid URL: httpfacebook.com in file: C:\Users\priyank\Documents\Visual Studio 2012\Projects\broken-links-extractor\500k quantcast links for priyank to crawl and find broken links - 2 links deep.txt"
"","","Invalid URL: httpfix.com in file: C:\Users\priyank\Documents\Visual Studio 2012\Projects\broken-links-extractor\500k quantcast links for priyank to crawl and find broken links - 2 links deep.txt"
"","","Invalid URL: httphotobucket.com in file: C:\Users\priyank\Documents\Visual Studio 2012\Projects\broken-links-extractor\500k quantcast links for priyank to crawl and find broken links - 2 links deep.txt"
"","","Invalid URL: httpimg.pw in file: C:\Users\priyank\Documents\Visual Studio 2012\Projects\broken-links-extractor\500k quantcast links for priyank to crawl and find broken links - 2 links deep.txt"
"","","Invalid URL: httpmerrickbank.com in file: C:\Users\priyank\Documents\Visual Studio 2012\Projects\broken-links-extractor\500k quantcast links for priyank to crawl and find broken links - 2 links deep.txt"
"","","Invalid URL: httpmetrics.com in file: C:\Users\priyank\Documents\Visual Studio 2012\Projects\broken-links-extractor\500k quantcast links for priyank to crawl and find broken links - 2 links deep.txt"
"","","Invalid URL: httpplanet.com in file: C:\Users\priyank\Documents\Visual Studio 2012\Projects\broken-links-extractor\500k quantcast links for priyank to crawl and find broken links - 2 links deep.txt"
"","","Invalid URL: https443.net in file: C:\Users\priyank\Documents\Visual Studio 2012\Projects\broken-links-extractor\500k quantcast links for priyank to crawl and find broken links - 2 links deep.txt"
"","","Invalid URL: httpscostco.com in file: C:\Users\priyank\Documents\Visual Studio 2012\Projects\broken-links-extractor\500k quantcast links for priyank to crawl and find broken links - 2 links deep.txt"
"","","Invalid URL: httpsgoogle.com in file: C:\Users\priyank\Documents\Visual Studio 2012\Projects\broken-links-extractor\500k quantcast links for priyank to crawl and find broken links - 2 links deep.txt"
"","","Invalid URL: httptasea.com in file: C:\Users\priyank\Documents\Visual Studio 2012\Projects\broken-links-extractor\500k quantcast links for priyank to crawl and find broken links - 2 links deep.txt"
"","","Invalid URL: httptrypurosleep.com in file: C:\Users\priyank\Documents\Visual Studio 2012\Projects\broken-links-extractor\500k quantcast links for priyank to crawl and find broken links - 2 links deep.txt"
"","","Invalid URL: httpurl.blogspot.com in file: C:\Users\priyank\Documents\Visual Studio 2012\Projects\broken-links-extractor\500k quantcast links for priyank to crawl and find broken links - 2 links deep.txt"
"","","Invalid URL: httpverizon.com in file: C:\Users\priyank\Documents\Visual Studio 2012\Projects\broken-links-extractor\500k quantcast links for priyank to crawl and find broken links - 2 links deep.txt"
"","","Invalid URL: httpwatch.com in file: C:\Users\priyank\Documents\Visual Studio 2012\Projects\broken-links-extractor\500k quantcast links for priyank to crawl and find broken links - 2 links deep.txt"
"","","Invalid URL: httpweather.com in file: C:\Users\priyank\Documents\Visual Studio 2012\Projects\broken-links-extractor\500k quantcast links for priyank to crawl and find broken links - 2 links deep.txt"
"","","Invalid URL: httpwwwmoneysystem.com in file: C:\Users\priyank\Documents\Visual Studio 2012\Projects\broken-links-extractor\500k quantcast links for priyank to crawl and find broken links - 2 links deep.txt"
"","","Invalid URL: httpwwwverizon.com in file: C:\Users\priyank\Documents\Visual Studio 2012\Projects\broken-links-extractor\500k quantcast links for priyank to crawl and find broken links - 2 links deep.txt"
"http://0001111.com","1000","The remote name could not be resolved: '0001111.com'"
"http://00147.co","1000","The remote name could not be resolved: '00147.co'"
"http://000host.co.uk","1000","The remote name could not be resolved: '000host.co.uk'"
"http://001.hu","1000","The remote name could not be resolved: '001.hu'"
"http://0011010000110010.de","1000","The remote name could not be resolved: '0011010000110010.de'"
"http://000webhost.com","1000","The remote name could not be resolved: '000webhost.com'"
"http://0000.jp","1000","The remote name could not be resolved: '0000.jp'"
"http://0000arts.com","1000","The remote name could not be resolved: '0000arts.com'"
"http://000.in","1000","The remote name could not be resolved: '000.in'"
"http://000space.com","1000","The remote name could not be resolved: '000space.com'"
"http://001-a-reverse-phone-number-lookup.com","1000","The remote name could not be resolved: '001-a-reverse-phone-number-lookup.com'"
"http://001famosas.com","1000","The remote name could not be resolved: '001famosas.com'"
"http://001-free-phone-number-reverse-lookup.com","1000","The remote name could not be resolved: '001-free-phone-number-reverse-lookup.com'"
"http://001link.com","1000","The remote name could not be resolved: '001link.com'"
"http://001-my-reverse-phone-lookup.com","1000","The remote name could not be resolved: '001-my-reverse-phone-lookup.com'"
"http://001-service-07.info","1000","The remote name could not be resolved: '001-service-07.info'"
"http://001-service-10.in","1000","The remote name could not be resolved: '001-service-10.in'"
"http://001yourtranslationservice.com","1000","The remote name could not be resolved: '001yourtranslationservice.com'"
"http://002.com.au","1000","The remote name could not be resolved: '002.com.au'"
"http://0023.info","1000","The remote name could not be resolved: '0023.info'"
"http://0031fashion.com","1000","The remote name could not be resolved: '0031fashion.com'"
"http://00-44.com","1000","The remote name could not be resolved: '00-44.com'"
"http://007.com","1000","The remote name could not be resolved: '007.com'"
"http://00791.com","1000","The remote name could not be resolved: '00791.com'"
"http://007-a-free-reverse-phone-lookup.com","1000","The remote name could not be resolved: '007-a-free-reverse-phone-lookup.com'"
"http://007box.de","1000","The remote name could not be resolved: '007box.de'"
"http://007b.com","1000","The remote name could not be resolved: '007b.com'"
"http://007fragrances.com","1000","The remote name could not be resolved: '007fragrances.com'"
"http://007collector.com","1000","The remote name could not be resolved: '007collector.com'"
"http://007gentleman.blogspot.com","1000","The remote name could not be resolved: '007gentleman.blogspot.com'"
"http://007go.com","1000","The remote name could not be resolved: '007go.com'"
"http://007james.com","1000","The remote name could not be resolved: '007james.com'"
"http://007jokes.com","1000","The remote name could not be resolved: '007jokes.com'"
"http://007koreangirls.com","1000","The remote name could not be resolved: '007koreangirls.com'"
"http://007museum.com","1000","The remote name could not be resolved: '007museum.com'"
"http://007mx.com","1000","The remote name could not be resolved: '007mx.com'"
"http://007nice.com","1000","The remote name could not be resolved: '007nice.com'"
"http://007pcservice.gr","1000","The remote name could not be resolved: '007pcservice.gr'"
"http://007zip.com","1000","The remote name could not be resolved: '007zip.com'"
"http://00auctions.com","1000","The remote name could not be resolved: '00auctions.com'"
"http://00chan.cu.cc","1000","The remote name could not be resolved: '00chan.cu.cc'"
"http://00dvd.com","1000","The remote name could not be resolved: '00dvd.com'"
"http://00fun.com","1000","The remote name could not be resolved: '00fun.com'"
"http://00go.com","1000","The remote name could not be resolved: '00go.com'"
"http://00handicrafts00.blogspot.co.uk","1000","The remote name could not be resolved: '00handicrafts00.blogspot.co.uk'"
"http://00ok.kr","1000","The remote name could not be resolved: '00ok.kr'"
"http://00oo00.com","1000","The remote name could not be resolved: '00oo00.com'"
"http://00price.com","1000","The remote name could not be resolved: '00price.com'"
"http://00sf.com","1000","The remote name could not be resolved: '00sf.com'"
"http://00show.com","1000","The remote name could not be resolved: '00show.com'"
"http://00sports.com","1000","The remote name could not be resolved: '00sports.com'"
"http://00tube.net","1000","The remote name could not be resolved: '00tube.net'"
"http://00uk.com","1000","The remote name could not be resolved: '00uk.com'"
"http://00viagra.net","1000","The remote name could not be resolved: '00viagra.net'"
"http://00videos.com","1000","The remote name could not be resolved: '00videos.com'"
"http://00x.in","1000","The remote name could not be resolved: '00x.in'"
"http://01.org","1000","The remote name could not be resolved: '01.org'"
"http://010-teenage.nl","1000","The remote name could not be resolved: '010-teenage.nl'"
"http://0112535.ir","1000","The remote name could not be resolved: '0112535.ir'"
"http://011now.com","1000","The remote name could not be resolved: '011now.com'"
"http://012global.com","1000","The remote name could not be resolved: '012global.com'"
"http://012mail.net","1000","The remote name could not be resolved: '012mail.net'"
"http://012webpages.com","1000","The remote name could not be resolved: '012webpages.com'"
"http://0136.ru","1000","The remote name could not be resolved: '0136.ru'"
"http://014.me","1000","The remote name could not be resolved: '014.me'"
"http://0157.org","1000","The remote name could not be resolved: '0157.org'"
"http://0-18.gr","1000","The remote name could not be resolved: '0-18.gr'"
"http://01campaignpro.com","1000","The remote name could not be resolved: '01campaignpro.com'"
"http://01candycherry.com","1000","The remote name could not be resolved: '01candycherry.com'"
"http://01centralamerica.com","1000","The remote name could not be resolved: '01centralamerica.com'"
"http://01com.com","1000","The remote name could not be resolved: '01com.com'"
"http://01hotbrunettes.com","1000","The remote name could not be resolved: '01hotbrunettes.com'"
"http://01micko.com","1000","The remote name could not be resolved: '01micko.com'"
"http://01-mp3search.com","1000","The remote name could not be resolved: '01-mp3search.com'"
"http://01net.com","1000","The remote name could not be resolved: '01net.com'"
"http://01o.com","1000","The remote name could not be resolved: '01o.com'"
"http://01pdf.net","1000","The remote name could not be resolved: '01pdf.net'"
"http://01-reverse-phone-number-lookup.com","1000","The remote name could not be resolved: '01-reverse-phone-number-lookup.com'"
"http://01synergy.com","1000","The remote name could not be resolved: '01synergy.com'"
"http://01tgp.com","1000","The remote name could not be resolved: '01tgp.com'"
"http://0-24.jp","200","OK"
"http://023ddc9590587a7c9ad4c65b42.com","204","No Content"
"http://0202tv.com","200","OK"
"http://024review.info","200","OK"
"http://027caboose.com","1000","The remote name could not be resolved: '027caboose.com'"
"http://027gupiao.com","1000","The remote name could not be resolved: '027gupiao.com'"
"http://027eat.com","1000","The remote name could not be resolved: '027eat.com'"
"http://02478xw.blogspot.com","","The operation has timed out"
"http://02athleticsbootcamp.com","1000","The remote name could not be resolved: '02athleticsbootcamp.com'"
"http://www.0202tv.com/theme.php","1000","The remote name could not be resolved: 'www.0202tv.com'"
"http://02leds.com","1000","The remote name could not be resolved: '02leds.com'"
"http://022net.com","","The operation has timed out"
"http://02739.blogspot.com","","The operation has timed out"
"http://www.024review.info","1000","The remote name could not be resolved: 'www.024review.info'"
"http://0317fc.com","1000","The remote name could not be resolved: '0317fc.com'"
"http://03333.org","1000","The remote name could not be resolved: '03333.org'"
"http://03349flash.com","1000","The remote name could not be resolved: '03349flash.com'"
"http://034motorsport.com","1000","The remote name could not be resolved: '034motorsport.com'"
"http://tw.yahoo.com","1000","The remote name could not be resolved: 'tw.yahoo.com'"
"http://03596efd07.com","1000","The remote name could not be resolved: '03596efd07.com'"
"http://0-360.com","1000","The remote name could not be resolved: '0-360.com'"
"http://0376fdc.com","1000","The remote name could not be resolved: '0376fdc.com'"
"http://044.info","200","OK"
"http://0371marry.com","1000","The remote name could not be resolved: '0371marry.com'"
"http://0427d7.se","200","OK"
"http://04stream.com","200","OK"
"http://0371sjh.cn","1000","The remote name could not be resolved: '0371sjh.cn'"
"http://www.024review.info/deals-mountain-boy-sledworks-mountain-boggan-4-foot-toboggan_B001JJBNV6.html","1000","The remote name could not be resolved: 'www.024review.info'"
"http://039uclbbick6zf1.com","1000","The remote name could not be resolved: '039uclbbick6zf1.com'"
"http://03d.org","1000","The remote name could not be resolved: '03d.org'"
"http://0404.co.il","200","OK"
"http://03lf.com","1000","The remote name could not be resolved: '03lf.com'"
"http://www.04stream.com/dmca.php","1000","The remote name could not be resolved: 'www.04stream.com'"
"http://055uirkg4q50x5c1.com","1000","The remote name could not be resolved: '055uirkg4q50x5c1.com'"
"http://047n.com","1000","The remote name could not be resolved: 'www.047n.com'"
"http://www.024review.info/deals-mountain-boy-sledworks-slalom-sled_B001JJBNUC.html","1000","The remote name could not be resolved: 'www.024review.info'"
"http://057info.hr","1000","The remote name could not be resolved: '057info.hr'"
"http://059i.com","1000","The remote name could not be resolved: '059i.com'"
"http://0534.com","","The operation has timed out"
"http://05am.com","1000","The remote name could not be resolved: '05am.com'"
"http://www.0404.co.il","200","OK"
"http://04561.com","200","OK"
"http://05tz2e9.com","1000","The remote name could not be resolved: '05tz2e9.com'"
"http://060.es","1000","The remote name could not be resolved: '060.es'"
"http://www.024review.info/deals-mountain-boy-sledworks-4-ft-wood-toboggan-48inl-x-18inw-x-16inh-mode_B001ACPN5Y.html","1000","The remote name could not be resolved: 'www.024review.info'"
"http://060608.it","1000","The remote name could not be resolved: '060608.it'"
"http://www.0404.co.il/rss.xml","200","OK"
"http://0-60mag.com","1000","The remote name could not be resolved: '0-60mag.com'"
"http://061x79xzldqja621.com","1000","The remote name could not be resolved: '061x79xzldqja621.com'"
"http://06cc.net","1000","The remote name could not be resolved: '06cc.net'"
"http://077.info","200","OK"
"http://0-6packabs.com","1000","The remote name could not be resolved: '0-6packabs.com'"
"http://07209.com","200","OK"
"http://www.024review.info/deals-mountain-boy-sledworks-ultimate-flyer-52-inch-sled_B000OVC1B6.html","200","OK"
"http://0731live.com","200","OK"
"http://070.com.ua","200","OK"
"http://0754hc.com","200","OK"
"http://0777.ir","200","OK"
"http://www.024review.info/deals-mountain-boy-mountain-boggan-8-foot-toboggan_B002Q7BKAO.html","200","OK"
"http://www.0754hc.com/product.asp","200","OK"
"http://www.024review.info/deals-flexible-flyer-48-flexible-flyer-sled_B0000AQJQR.html","200","OK"
"http://070-tel.com","200","OK"
"http://www.0754hc.com/productshow.asp","200","OK"
"http://04561.com","200","OK"
"http://07n.co","200","OK"
"http://www.hotelscombined.com","200","OK"
"http://ww2.07n.co","200","OK"
"http://dl.0777.ir","200","OK"
"http://www.024review.info/deals-mountain-boy-sledworks-mountain-boggan-6-foot-toboggan_B001JJBNVQ.html","200","OK"
"http://www.070.com.ua","200","OK"
"http://newvcorp.com","200","OK"
"http://www.024review.info/deals-hangtime-snowboard-wall-mount-black_B001N84J9G.html","200","OK"
"http://07proxy.com","200","OK"
"http://www.024review.info/deals-warren-miller-children-of-winter_B002FE5XQ0.html","200","OK"
"http://0800-horoscope.com","403","Forbidden"
"http://081072689001342003991207130014.com","1000","The remote name could not be resolved: '081072689001342003991207130014.com'"
"http://www.024review.info/deals-mountain-boy-8-foot-boggan-pad-sled-not-included-pad-only_B002Q7I4W6.html","200","OK"
"http://www.070-tel.com/qanda.htm","200","OK"
"http://www.07proxy.com/”http://www.allproxysites.com“","404","Not Found"
"http://forum.0777.ir","200","OK"
"http://www.070.com.ua/archive","200","OK"
"http://www.024review.info/deals-sick-a-cultural-history-of-snowboarding_0312170262.html","200","OK"
"http://shopping.groupon.co.il","200","OK"
"http://www.paypal.com","200","OK"
"http://www.07proxy.com","200","OK"
"http://07money.com","200","OK"
"http://www.070-tel.com/application.htm","200","OK"
"http://www.024review.info/deals-snowshoe-trails-of-california_089997287X.html","200","OK"
"http://070.com.ua","200","OK"
"http://0813bbs.com","200","OK"
"http://www.070-tel.com/onlineqna.htm","200","OK"
"http://0830yxlz.com","1000","The remote name could not be resolved: '0830yxlz.com'"
"http://www.024review.info/deals-mastering-snowboarding_1450410642.html","200","OK"
"http://xat.com","200","OK"
"http://www.leumi.co.il","200","OK"
"http://0851kjzj.com","1000","The remote name could not be resolved: '0851kjzj.com'"
"http://stores.ebay.com","200","OK"
"http://www.024review.info/deals-warren-millers-cold-fusion_B0000AVHD2.html","200","OK"
"http://0731live.com","200","OK"
"http://www.024review.info/deals-warren-millers-storm_B0000AVHD4.html","200","OK"
"http://www.probux.com","200","OK"
"http://08-99-86-64-44.com","200","OK"
"http://www.024review.info/tags-beginners.html","200","OK"
"http://07money.com","200","OK"
"http://tutorial.0777.ir","200","OK"
"http://www.stockrobo.com","1000","The remote name could not be resolved: 'www.stockrobo.com'"
"http://msn.com","200","OK"
"http://08computersoftware.org","200","OK"
"http://www.voyance-medeline-officiel.com","200","OK"
"http://www.070-tel.com","200","OK"
"http://ww1.08computersoftware.org","200","OK"
"http://www.024review.info/tags-downhill+ski+boots.html","200","OK"
"http://www.optionsbinairesfr.com","200","OK"
"http://chat.voyance-medeline-officiel.com","200","OK"
"http://08i8b4384.com","1000","The remote name could not be resolved: '08i8b4384.com'"
"http://www.youtube.com","200","OK"
"http://www.123count.com","200","OK"
"http://www.alexa.com","200","OK"
"http://cgi.ebay.com","404","Not Found"
"http://www.024review.info/tags-downhill+skiing.html","200","OK"
"http://08mljs.org","200","OK"
"http://08jzwvotka.com","1000","The remote name could not be resolved: '08jzwvotka.com'"
"http://www.opencart.com","200","OK"
"http://www.070-tel.com/index.htm","200","OK"
"http://www.024review.info/tags-downhill+skis.html","200","OK"
"http://0962cewusp42h.tk","1000","The remote name could not be resolved: '0962cewusp42h.tk'"
"http://distro.0777.ir","200","OK"
"http://090903ssl-cert.com","403","Forbidden"
"http://twitter.com","200","OK"
"http://kg070.anyhelp.net","200","OK"
"http://0980sebd.co.uk","1000","The remote name could not be resolved: '0980sebd.co.uk'"
"http://www.flabers.com.ua","200","OK"
"http://www.freeproxytemplates.com","200","OK"
"http://www.024review.info/tags-girls.html","200","OK"
"http://09124743198.com","1000","The remote name could not be resolved: '09124743198.com'"
"http://099-photo.blogspot.com","200","OK"
"http://www.facebook.com","200","OK"
"http://www.024review.info/tags-goggles.html","200","OK"
"http://098860.com","200","OK"
"http://0aac4e6a54c170b0.se","200","OK"
"http://099-photo.blogspot.in","200","OK"
"http://www.024review.info/tags-helmet.html","200","OK"
"http://0ad.info","200","OK"
"http://hepl3r.0777.ir","200","OK"
"http://www.024review.info/tags-helmets.html","200","OK"
"http://0adz.com","200","OK"
"http://www.098860.com","200","OK"
"http://www.098860.com/Online_College_Courses.cfm","200","OK"
"http://www.024review.info/tags-jacket.html","200","OK"
"http://www.0adz.com","200","OK"
"http://rndd.0777.ir","200","OK"
"http://www.098860.com/Free_Credit_Report.cfm","200","OK"
"http://www.0adz.com/signup.php","200","OK"
"http://www.0ad.info","200","OK"
"http://www.024review.info/tags-jackets.html","200","OK"
"http://www.blogger.com","200","OK"
"http://www.098860.com/Health_Insurance.cfm","200","OK"
"http://www.google.com","200","OK"
"http://www.proxyresource.org","200","OK"
"http://www.0adz.com/tos.php","200","OK"
"http://www.024review.info/tags-kids.html","200","OK"
"http://www.0adz.com/contact.php","200","OK"
"http://www.0adz.com/aboutus.php","200","OK"
"http://www.0adz.com/websitebuilder.php","200","OK"
"http://www.024review.info/tags-mens.html","200","OK"
"http://cars-al.info","200","OK"
"http://www.098860.com/Best_Mortgage_Rates.cfm","200","OK"
"http://www.0ad.info/features","200","OK"
"http://www.098860.com/Top_Smart_Phones.cfm","200","OK"
"http://www.024review.info/tags-mens+ski+boots.html","200","OK"
"http://099-photo.blogspot.com","200","OK"
"http://www.0ad.info/login","200","OK"
"http://www.098860.com/Top_10_Luxury_Cars.cfm","200","OK"
"http://worldtranslation.org","200","OK"
"http://www.024review.info/tags-mens+skis.html","200","OK"
"http://www.0ad.info/signup","200","OK"
"http://www.proxyseek.org","1000","The remote name could not be resolved: 'www.proxyseek.org'"
"http://www.024review.info/tags-mens+snowboard.html","200","OK"
"http://www.histats.com","200","OK"
"http://www.0ad.info/terms","200","OK"
"http://www.freeproxysite.com","200","OK"
"http://0af13caa23.com","1000","The remote name could not be resolved: '0af13caa23.com'"
"http://www.024review.info/tags-rossignol.html","200","OK"
"http://www.0ad.info/sitemap","200","OK"
"http://www.024review.info/tags-salomon.html","200","OK"
"http://proxyinter.net","200","OK"
"http://assassin.ir","200","OK"
"http://cross-net.net","1000","The remote name could not be resolved: 'cross-net.net'"
"http://www.0ad.info/privacy","200","OK"
"http://www.024review.info/tags-ski+boots.html","200","OK"
"http://www.alexa.com","200","OK"
"http://09635.com","","The operation has timed out"
"http://www.024review.info/tags-ski+goggles.html","200","OK"
"http://0777.ir","200","OK"
"http://boss.lgdacom.net","","The operation has timed out"
"http://0ant.com","403","Forbidden"
"http://www.bankhapoalim.co.il","200","OK"
"http://network.adsmarket.com","200","OK"
"http://www.activeproxies.org","200","OK"
"http://www.024review.info/tags-ski+helmet.html","200","OK"
"http://live.sekindo.com","200","OK"
"http://www.0ad.info/support","200","OK"
"http://www.024review.info/tags-skiing.html","200","OK"
"http://0-apr-cards.net","403","Forbidden"
"http://0aprcards.net","403","Forbidden"
"http://0b5c6ecd25.com","1000","The remote name could not be resolved: '0b5c6ecd25.com'"
"http://www.proxysites.ws","200","OK"
"http://gmail.com","200","OK"
"http://0akleyshop.com","200","OK"
"http://www.024review.info/tags-skis.html","200","OK"
"http://aff.ringtonepartner.com","200","OK"
"http://www.facebook.com","200","OK"
"http://cpanel.0adz.com","200","OK"
"http://www.024review.info/tags-snow+goggles.html","200","OK"
"http://0bsidian.net","200","OK"
"http://www.proxyservers.biz","403","Forbidden"
"http://newvcorp.com","200","OK"
"http://www.024review.info/tags-snowboard+bindings.html","200","OK"
"http://0c9d8370d.se","200","OK"
"http://www.prchecker.info","200","OK"
"http://www.024review.info/tags-snowboard+goggles.html","200","OK"
"http://www.unblockedproxysites.com","200","OK"
"http://098860.com","200","OK"
"http://www.proxysiteslist.net","200","OK"
"http://www.024review.info/tags-snowboarding.html","200","OK"
"http://byethost.com","200","OK"
"http://www.0akleyshop.com","200","OK"
"http://gmail.com","200","OK"
"http://www.goodproxysites.com","200","OK"
"http://www.024review.info/tags-snowshoeing.html","200","OK"
"http://0ceaniacruises.com","200","OK"
"http://0adz.com","200","OK"
"http://0ai.com","200","OK"
"http://www.024review.info/tags-winter+sports.html","200","OK"
"http://www.0ceaniacruises.com/advertise.php","200","OK"
"http://www.024review.info/tags-womens.html","200","OK"
"http://www.0ceaniacruises.com","200","OK"
"http://www.proxyserverlist.org","200","OK"
"http://www.0ceaniacruises.com/privacy-policy.php","200","OK"
"http://www.oakleysi.com","200","OK"
"http://0chan.ru","200","OK"
"http://www.024review.info/tags-dslr+bag.html","200","OK"
"http://usa.visa.com","200","OK"
"http://www.webhostingreviewz.com","200","OK"
"http://cpanel.40host.com","200","OK"
"http://www.024review.info/tags-Snow+sports.html","200","OK"
"http://www.oakley.com","200","OK"
"http://www.0chan.ru/Garazhnie_vorota_ot_kompanii_Mir_Vorot.html","200","OK"
"http://www.024review.info/deals-lucky-bums-wood-toboggan-48-in_B00EBT6YKG.html","200","OK"
"http://www.024review.info/deals-60-flexible-flyer-steel-runner-sled_B000051W20.html","200","OK"
"http://www.activefreestuff.com","200","OK"
"http://www.0chan.ru/Sborka_Porsche_Cajun_startuet_v_2013_godu.html","200","OK"
"http://gbcinternetenforcement.net","200","OK"
"http://0catch.com","200","OK"
"http://www.024review.info/deals-bradley-heavy-duty-snow-tube-with-orange-cover_B00H58BXG0.html","200","OK"
"http://0daybabes.com","200","OK"
"http://www.024review.info/deals-mountain-boy-sledworks-pad-for-flyer-sleds-sled-not-included-pad-only_B000OVDT2G.html","200","OK"
"http://www.0chan.ru/Cena_nefti_Brent_opustilas_nizhe_100.html","200","OK"
"http://0bat.com","","The operation has timed out"
"http://info.0catch.com","403","Forbidden"
"http://www.024review.info/tags-Snowboarding.html","200","OK"
"http://freewebsitehostingreviews.com","200","OK"
"http://www.024review.info/deals-flexible-flyer-60-flexible-flyer-sled_B000AX24HE.html","200","OK"
"http://www.0chan.ru/Gazprom_minimum_5_let_budet_edinstvennim_eksporterom.html","200","OK"
"http://www.web-hosting-top.com","200","OK"
"http://register.oakley.com","200","OK"
"http://inquiry.domainbrokeronline.com","200","OK"
"http://www.0daybabes.com","200","OK"
"http://www.024review.info/deals-flexible-flyer-26-metal-saucer_B001RKFN9K.html","200","OK"
"http://0ddsmaker.com","1000","The remote name could not be resolved: '0ddsmaker.com'"
"http://0e71bi66xn.com","1000","The remote name could not be resolved: '0e71bi66xn.com'"
"http://www.free-webhosts.com","200","OK"
"http://dealers.oakley.com","200","OK"
"http://0cats.com","200","OK"
"http://www.0chan.ru/Ceni_na_neftyanie_fyuchersi_Brent_i_Light_Sweet_segodnya.html","200","OK"
"http://www.024review.info/deals-flexible-flyer-sled_B00009935T.html","200","OK"
"http://0eb.com","200","OK"
"http://0daybabes.com","200","OK"
"http://signup.0catch.com","403","Forbidden"
"http://www.024review.info/deals-pelican-baby-sleigh-2_B000OR5LKS.html","200","OK"
"http://www.findmyhost.com","200","OK"
"http://www.0chan.ru/RF_v_yanvare_aprele_snizila_vipusk_minudobreniy_na_25.html","200","OK"
"http://twitter.com","200","OK"
"http://www.0eb.com/index_psychopath.html","200","OK"
"http://www.024review.info/deals-paricon-cyclone-sled_B000BVM7A4.html","200","OK"
"http://www.0chan.ru/Igrovie_avtomatid2a.html","200","OK"
"http://www.024review.info/deals-flexible-flyer-snow-twist-57-inflatable-snow-tube_B000FIZ8ZE.html","200","OK"
"http://en.wikipedia.org","200","OK"
"http://www.024review.info/deals-flexible-flyer-tornado_B0006N8YPY.html","200","OK"
"http://0cats.com","200","OK"
"http://www.thefreesite.com","200","OK"
"http://0dayhotmusic.com","200","OK"
"http://www.proxyserverwebsites.com","","The operation has timed out"
"http://www.0chan.ru/Onlayn_kazino_Gaminatorslots_besplatnie_igrovie_avtomati.html","200","OK"
"http://www.024review.info/tags-686.html","200","OK"
"http://www.bluefishhosting.com","200","OK"
"http://www.absolutely-free-hosting.com","200","OK"
"http://www.proxyforfacebook.com","200","OK"
"http://0ffendersconnect.com","200","OK"
"http://0facebook.com","200","OK"
"http://www.024review.info/tags-mens+snowboard+bindings.html","200","OK"
"http://www.proxyforyoutube.com","200","OK"
"http://designcart.com","200","OK"
"http://www.jmbsoft.com","1000","The remote name could not be resolved: 'www.jmbsoft.com'"
"http://0fficemaxperks.com","1000","The remote name could not be resolved: '0fficemaxperks.com'"
"http://www.free-webspace.org","200","OK"
"http://0fferz.com","200","OK"
"http://0fficedepot.com","200","OK"
"http://www.freeproxysites.us","200","OK"
"http://0fficedepot.com","200","OK"
"http://www.024review.info/tags-mens+snowboard+package.html","200","OK"
"http://0i8.net","200","OK"
"http://www.0chan.ru/Igrat_besplatno_v_onlayn_kazino.html","200","OK"
"http://0hna.com","200","OK"
"http://www.bestproxysites.com","200","OK"
"http://www.freecenter.com","200","OK"
"http://www.0dayhotmusic.com","200","OK"
"http://www.024review.info/tags-oakley.html","200","OK"
"http://www.scanalert.com","200","OK"
"http://www.0hna.com/renewal.aspx","200","OK"
"http://0icep80f.com","200","OK"
"http://0jzxzd21.com","200","OK"
"http://freehosting1.net","200","OK"
"http://www.024review.info/tags-protective+gear.html","200","OK"
"http://www.0chan.ru/UkrGaz_Energo_voletsya_na.html","200","OK"
"http://www.myproxies.org","200","OK"
"http://0dayhotmusic.com","200","OK"
"http://www.024review.info/tags-safety.html","200","OK"
"http://www.freebiedirectory.com","200","OK"
"http://adrewards.com","200","OK"
"http://adrewards.com","200","OK"
"http://whoisprivacyprotect.com","200","OK"
"http://0km.jp","200","OK"
"http://www.thefreesite.com","200","OK"
"http://0ldsk00l.ca","200","OK"
"http://www.enom.com","200","OK"
"http://www.024review.info/tags-snow+sports.html","200","OK"
"http://www.0chan.ru/Peregovori_Rossii_i_Belorussii.html","200","OK"
"http://oneicon.oakley.com","","The operation has timed out"
"http://100-best-free-webspace.com","200","OK"
"http://www.100best-free-web-space.com","200","OK"
"http://www.0km.jp","200","OK"
"http://www.024review.info/tags-snowboard+boots.html","200","OK"
"http://0llii0g6.com","200","OK"
"http://www.0chan.ru/Ukraina_Rossiya_i_ES_snova_ne.html","200","OK"
"http://0ldje.com","200","OK"
"http://0km.jp","200","OK"
"http://click.classaffiliates.com","403","Forbidden"
"http://www.proxies.us","200","OK"
"http://apps.oakley.com","200","OK"
"http://www.google.com","200","OK"
"http://www.024review.info/tags-snowboard+helmet.html","200","OK"
"http://www.webhostingbreak.com","200","OK"
"http://adrewards.com","200","OK"
"http://www.0chan.ru/Eksperti_Stoimost_nefti.html","200","OK"
"http://www.100bestfreewebspace.com","200","OK"
"http://classaffiliates.com","200","OK"
"http://news.sigyo.net","200","OK"
"http://stattrack.0catch.com","200","OK"
"http://www.024review.info/tags-snowboard+jacket.html","200","OK"
"http://jobs.oakley.com","200","OK"
"http://www.myipproxylist.com","200","OK"
"http://www.0chan.ru/Poroshenko_Ukraina_ozhidaet_dvuh.html","200","OK"
"http://www.seiji-news.com","200","OK"
"http://www.0chan.ru/Ustanovlena_novaya_eksportnaya.html","200","OK"
"http://www.024review.info/tags-snowboard+package.html","200","OK"
"http://www.facebook.com","200","OK"
"http://www.proxywiky.com","200","OK"
"http://www.freestuffchannel.com","200","OK"
"http://www.0chan.ru/Minprirodi_Fakticheskie.html","200","OK"
"http://0me.com","200","OK"
"http://www.024review.info/tags-wrist+blood+pressure+monitor.html","200","OK"
"http://twitter.com","200","OK"
"http://www.ofree.net","200","OK"
"http://www.0chan.ru/Povestka.html","200","OK"
"http://www.azproxies.com","200","OK"
"http://0medz0.com","200","OK"
"http://www.024review.info/tags-Snow+goggles.html","200","OK"
"http://www.0me.com/pdmain.html","200","OK"
"http://www.0chan.ru/Rossiya_vipolnyaet_svoi.html","200","OK"
"http://www.024review.info/deals-mountain-boy-sledworks-mountain-boggan-pads_B00FOB95W4.html","200","OK"
"http://pinterest.com","200","OK"
"http://0ljdpdkv.com","1000","The remote name could not be resolved: '0ljdpdkv.com'"
"http://www.0chan.ru/EKONOMIKA_ES_ROSSIYa_GAZ.html","200","OK"
"http://0mlm.com","1000","The remote name could not be resolved: '0mlm.com'"
"http://www.youtube.com","200","OK"
"http://www.024review.info/deals-paricon-pad-for-6-toboggan_B000FJ17EY.html","200","OK"
"http://0ncamp.org","1000","The remote name could not be resolved: '0ncamp.org'"
"http://0nehotholiday.com","1000","The remote name could not be resolved: '0nehotholiday.com'"
"http://www.0chan.ru/Rosneft_obeschaet_ispolnit.html","200","OK"
"http://0nlinebabes.com","1000","The remote name could not be resolved: '0nlinebabes.com'"
"http://0n0.info","1000","The remote name could not be resolved: '0n0.info'"
"http://0nlinesub0ffers.com","1000","The remote name could not be resolved: '0nlinesub0ffers.com'"
"http://plus.google.com","200","OK"
"http://www.024review.info/deals-flexible-flyer-snowball-maker-colors-may-vary_B000FJ4AD4.html","200","OK"
"http://0nthegohosiery.com","1000","The remote name could not be resolved: '0nthegohosiery.com'"
"http://0mw-kmb.blogspot.com","200","OK"
"http://www.freehostsfinder.com","200","OK"
"http://0-no.com","200","OK"
"http://www.0chan.ru/Neftyanie_fyuchersi_Brent_i_Light_Sweet.html","200","OK"
"http://members.00server.com","200","OK"
"http://www.prxy.us","200","OK"
"http://0mw-kmb.blogspot.in","200","OK"
"http://www.024review.info/deals-mountain-boy-sledworks-kicksled-snow-floats_B000OV8ET4.html","200","OK"
"http://0one0.com","200","OK"
"http://www.024review.info/deals-mountain-boy-sledworks-pad-for-butterfly-wagon_B000OV8ETO.html","200","OK"
"http://00server.com","200","OK"
"http://www.0one0.com","200","OK"
"http://www.0chan.ru/V_DNR_namereni_sozdat.html","200","OK"
"http://www.blogger.com","200","OK"
"http://www.0medz0.com","200","OK"
"http://www.024review.info/deals-mountain-boy-sledworks-mountain-boggan-6-foot-toboggan-pad_B001JJBNWU.html","200","OK"
"http://www.freeweb-hosting.info","200","OK"
"http://www.024review.info/deals-mountain-boy-sledworks-kicksled-mushing-package_B000OVDSZY.html","200","OK"
"http://www.dpbolvw.net","200","OK"
"http://www.0chan.ru/Stroitelstvo_Yuzhnogo_potoka.html","200","OK"
"http://www.024review.info/tags-bionic+man.html","200","OK"
"http://0medz0.com","200","OK"
"http://www.world-nuclear.org","200","OK"
"http://help.00server.com","200","OK"
"http://www.024review.info/tags-Winter+sports.html","200","OK"
"http://freehosting.zendesk.com","200","OK"
"http://0otx.de","1000","The remote name could not be resolved: '0otx.de'"
"http://www.listaproxy.org","200","OK"
"http://www.facebook.com","200","OK"
"http://www.024review.info/deals-hangtime-snowboard-wall-mount-white_B002DV5BYY.html","200","OK"
"http://www.0chan.ru/oktyabrya_v_Bryussele_proydut.html","200","OK"
"http://www.avast.com","200","OK"
"http://www.024review.info/deals-snowboarding-zone-tin-sign_B005GAA1BW.html","200","OK"
"http://www.zamp.org","200","OK"
"http://www.forproxyusers.com","200","OK"
"http://www.024review.info/deals-6-snowboarders-boy-wall-stickers-art-decals-decor_B004B37A9Q.html","200","OK"
"http://www.copyright.gov","200","OK"
"http://rawveganliving.blogspot.com","200","OK"
"http://www.0chan.ru/Dom_iz_kleenogo_brusa.html","200","OK"
"http://www.024review.info/deals-gone-snowboarding-aluminum-sign-in-white-sn7_B001AKDZ7E.html","200","OK"
"http://www.avg.com","200","OK"
"http://www.jlab.org","200","OK"
"http://www.024review.info/deals-dakine-modular-mat-stomp-pad_B00PUEHG9E.html","200","OK"
"http://www.netgofree.com","200","OK"
"http://www.shareasale.com","200","OK"
"http://www.0chan.ru/Cena_nefti_Brent_v_Londone_po.html","200","OK"
"http://www.ustreas.gov","500","Internal Server Error"
"http://elysee.blog.lemonde.fr","200","OK"
"http://www.024review.info/tags-Skiing.html","200","OK"
"http://0pk.ru","200","OK"
"http://www.0chan.ru/Na_odnom_iz_kazahstanskih_NPZ.html","200","OK"
"http://www.024review.info/deals-warren-miller-like-theres-no-tomorrow_B008VF0XPS.html","200","OK"
"http://www.anonymousproxies.biz","200","OK"
"http://www.treasury.gov","500","Internal Server Error"
"http://www.024review.info/deals-warren-miller-wintervention_B005G5NPNS.html","200","OK"
"http://chiropracticmassagetherapy.com","200","OK"
"http://www.google.com","200","OK"
"http://www.politico.com","200","OK"
"http://jrox.therawfoodworld.com","1000","The remote name could not be resolved: 'jrox.therawfoodworld.com'"
"http://0ad.info","200","OK"
"http://www.oakley.com.br","","The operation has timed out"
"http://www.024review.info/deals-warren-miller-dynasty_B003THSXK0.html","200","OK"
"http://0pticsplanet.com","1000","The remote name could not be resolved: '0pticsplanet.com'"
"http://www.0chan.ru/FAS_zaprosila_neftyanie_kompanii_.html","200","OK"
"http://www.024review.info/deals-warren-millers-bloopers-blunders-and-bailouts_B0002MHETG.html","200","OK"
"http://en.wikipedia.org","200","OK"
"http://www.024review.info/deals-warren-miller-off-the-grid_B000UAE7EK.html","200","OK"
"http://www.0chan.ru/Naftogaz_postavil_ultimatum.html","200","OK"
"http://www.httpproxy.us","200","OK"
"http://0mw-kmb.blogspot.com","200","OK"
"http://ca.oakley.com","200","OK"
"http://0puppies.com","200","OK"
"http://0r1w.co.at","1000","The remote name could not be resolved: '0r1w.co.at'"
"http://www.0chan.ru/Gruzooborot_latviyskih_portov_i_.html","200","OK"
"http://0puppies.com","200","OK"
"http://www.024review.info/tags-gloves.html","200","OK"
"http://0pig.com","200","OK"
"http://www.freeindex.com","","The operation has timed out"
"http://0-r4.com","200","OK"
"http://be.oakley.com","200","OK"
"http://www.024review.info/tags-obermeyer.html","200","OK"
"http://www.0chan.ru/V_Nizhegorodskoy_oblasti.html","200","OK"
"http://www.morroccoaffiliate.com","200","OK"
"http://alabama.0puppies.com","200","OK"
"http://whoisprivacyprotect.com","200","OK"
"http://www.024review.info/tags-ski.html","200","OK"
"http://www.freelinks.org","200","OK"
"http://www.024review.info/tags-ski+jacket.html","200","OK"
"http://dk.oakley.com","200","OK"
"http://www.urlappraisal.net","200","OK"
"http://arizona.0puppies.com","200","OK"
"http://www.0chan.ru/OPEK_ponizila_prognoz_sprosa_na.html","200","OK"
"http://www.prospector.cz","200","OK"
"http://www.024review.info/tags-ski+pants.html","200","OK"
"http://0ratecardsrus.com","200","OK"
"http://www.t-z.com","200","OK"
"http://www.024review.info/tags-womens+fashion.html","200","OK"
"http://arkansas.0puppies.com","200","OK"
"http://www.0pig.com","200","OK"
"http://www.024review.info/tags-.html","200","OK"
"http://de.oakley.com","200","OK"
"http://www.0chan.ru/Intel_otkril_vo_Vetname_svoy.html","200","OK"
"http://www.essentiallivingfoods.com","200","OK"
"http://gmail.com","200","OK"
"http://www.0pk.ru/ru","","The operation has timed out"
"http://www.0ratecardsrus.com","200","OK"
"http://california.0puppies.com","200","OK"
"http://0ratecreditcardsapproved.com","200","OK"
"http://0rigami.com","200","OK"
"http://www.0ratecardsrus.com/rg-erdr.php","200","OK"
"http://www.024review.info/tags-furnace+filters.html","200","OK"
"http://www.seektoexplore.com","200","OK"
"http://es.oakley.com","200","OK"
"http://www.0rigami.com/index.html","200","OK"
"http://www.0rigami.com/downloads.html","200","OK"
"http://www.0chan.ru/Bolee_dolgov_pered_energetikami_.html","200","OK"
"http://www.0rigami.com/pictures.html","200","OK"
"http://www.0rigami.com/links.html","200","OK"
"http://colorado.0puppies.com","200","OK"
"http://www.024review.info/tags-Mens+snowboard.html","200","OK"
"http://0rk.de","200","OK"
"http://0ratecardsrus.com","200","OK"
"http://fr.oakley.com","200","OK"
"http://0rigami.com","200","OK"
"http://www.0chan.ru/Politicheskie_manipulyacii_s.html","200","OK"
"http://www.schoolproxy.biz","","The operation has timed out"
"http://www.024review.info/deals-off-the-chain-an-insiders-history-of-snowboarding_1553654870.html","200","OK"
"http://e59be3jvmar8xsd9-dyj5hanfz.hop.clickbank.net","200","OK"
"http://connecticut.0puppies.com","200","OK"
"http://www.024review.info/deals-the-way-of-the-snowboarder_0810959399.html","200","OK"
"http://www.parallels.com","200","OK"
"http://0rthovet.com","1000","The remote name could not be resolved: '0rthovet.com'"
"http://feedjit.com","200","OK"
"http://www.0chan.ru/Neftyanie_kotirovki_na_mirovih.html","200","OK"
"http://delaware.0puppies.com","200","OK"
"http://www.024review.info/deals-have-board-will-travel-the-definitive-history-of-surf-skate-and-snow_0060563591.html","200","OK"
"http://www.websurfingproxies.net","200","OK"
"http://ie.oakley.com","200","OK"
"http://0rz.tw","200","OK"
"http://www.024review.info/deals-ir77-elements-of-snowboarding_0978661702.html","200","OK"
"http://www.0chan.ru/Irak_provedet_tender_na.html","200","OK"
"http://rohitink.com","200","OK"
"http://0sceolataxcollector.org","1000","The remote name could not be resolved: '0sceolataxcollector.org'"
"http://florida.0puppies.com","200","OK"
"http://www.024review.info/deals-instant-karma-the-heart-and-soul-of-a-ski-bum_0979625505.html","200","OK"
"http://www.0chan.ru/Profsoyuz_gazovih_hozyaystv.html","200","OK"
"http://www.0rz.tw","200","OK"
"http://www.024review.info/deals-garmin-gps-iii-waterproof-hiking-gps_B00000J40U.html","200","OK"
"http://amiga.emucamp.com","200","OK"
"http://it.oakley.com","200","OK"
"http://www.0chan.ru/Yamal_noviy_gazoprovod_otkrit.html","200","OK"
"http://georgia.0puppies.com","200","OK"
"http://0-six-5-eight.blogspot.com","200","OK"
"http://www.024review.info/tags-archos+605+pmp.html","200","OK"
"http://www.0rz.tw/plugins","200","OK"
"http://www.0chan.ru/KVSZ_postavit_vagoni_Pervoy.html","200","OK"
"http://www.lemonamiga.com","200","OK"
"http://www.0rz.tw/terms","200","OK"
"http://www.024review.info/deals-snowshoe-trails-of-tahoe_0899972349.html","200","OK"
"http://www.0rz.tw/contact","200","OK"
"http://lu.oakley.com","200","OK"
"http://0-six-5-eight.blogspot.in","200","OK"
"http://www.0chan.ru/V_mae_Yasinovskiy_KHZ_uvelichil.html","200","OK"
"http://www.024review.info/deals-snowshoe-trails-of-yosemite_0899972535.html","200","OK"
"http://idaho.0puppies.com","200","OK"
"http://www.0pk.ru/en","","The operation has timed out"
"http://www.024review.info/deals-snowboarding-skills-the-back-to-basics-essentials-for-all-levels_1552976262.html","200","OK"
"http://www.0rz.tw/URGTm=","200","OK"
"http://www.024review.info/deals-the-art-of-snowboarding-kickers-carving-half-pipe-and-more_0071456880.html","200","OK"
"http://www.0pk.ru","200","OK"
"http://www.0chan.ru/Rosneft_pustila_Chevron_na.html","200","OK"
"http://illinois.0puppies.com","200","OK"
"http://www.024review.info/deals-the-illustrated-guide-to-snowboarding_1570281440.html","200","OK"
"http://nl.oakley.com","200","OK"
"http://www.0rz.tw/ViDRk=","200","OK"
"http://0-six-5-eight.blogspot.com","200","OK"
"http://www.024review.info/deals-total-skiing_0736083650.html","200","OK"
"http://www.0chan.ru/Gruzite_vodu_iz_Meksikanskogo.html","200","OK"
"http://plus.google.com","200","OK"
"http://www.024review.info/deals-fifty-places-to-ski-and-snowboard-before-you-die-downhill-experts-shar_1617690546.html","200","OK"
"http://www.brandnewproxy.net","200","OK"
"http://indiana.0puppies.com","200","OK"
"http://0pk.ru","200","OK"
"http://www.024review.info/deals-warren-millers-journey_B0002MHET6.html","200","OK"
"http://www.0chan.ru/Moskva_i_Minsk_podpisali.html","200","OK"
"http://www.024review.info/deals-journey-through-the-decades-journeyendless-wintersteep-deepski-a-la-c_B0002MHETQ.html","200","OK"
"http://www.blogger.com","200","OK"
"http://no.oakley.com","200","OK"
"http://iowa.0puppies.com","200","OK"
"http://www.024review.info/tags-Snowboard+jacket.html","200","OK"
"http://www.allproxys.net","200","OK"
"http://www.0rz.tw/nFjbz=","200","OK"
"http://www.024review.info/deals-steep_B0012CJQZK.html","200","OK"
"http://qssupport.ru","200","OK"
"http://0tgp.com","200","OK"
"http://kansas.0puppies.com","200","OK"
"http://www.024review.info/deals-aboutcom-guide-to-web-design-build-and-maintain-a-dynamic-user-friendl_1598693786.html","200","OK"
"http://at.oakley.com","200","OK"
"http://billing.quadrosystems.ru","200","OK"
"http://www.024review.info/deals-postmodernism-for-beginners_1934389099.html","200","OK"
"http://unblocked.me","200","OK"
"http://www.0chan.ru/Ceni_na_chernoe_zoloto_katyatsya.html","200","OK"
"http://www.0rz.tw/BHz29=","200","OK"
"http://www.024review.info/deals-deconstruction-for-beginners_1934389269.html","200","OK"
"http://www.0tgp.com","200","OK"
"http://kentucky.0puppies.com","200","OK"
"http://pl.oakley.com","200","OK"
"http://www.024review.info/deals-derrida-for-beginners_1934389110.html","200","OK"
"http://www.atproxy.net","200","OK"
"http://www.0chan.ru/Mirovie_ceni_na_neft.html","200","OK"
"http://www.024review.info/deals-eastern-philosophy-for-beginners_1934389072.html","200","OK"
"http://www.0rz.tw/PkC2J=","404","Not Found"
"http://www.0rz.tw/index.html","404","Not Found"
"http://www.0rz.tw/edm.html","404","Not Found"
"http://louisiana.0puppies.com","200","OK"
"http://www.the-underdogs.org","","The operation has timed out"
"http://pt.oakley.com","200","OK"
"http://www.0rz.tw/web.html","404","Not Found"
"http://www.0rz.tw/contact.html","404","Not Found"
"http://www.024review.info/deals-sew-what-skirts-16-simple-styles-you-can-make-with-fabulous-fabrics_1580176259.html","200","OK"
"http://www.proxyliste.com","200","OK"
"http://www.0rz.tw/index.php","404","Not Found"
"http://www.0chan.ru/Pravitelstvo_zapretilo.html","200","OK"
"http://freexxxhot.com","200","OK"
"http://www.0rz.tw/confirm","404","Not Found"
"http://www.lysator.liu.se","200","OK"
"http://maine.0puppies.com","200","OK"
"http://www.024review.info/deals-learning-actionscript-30-a-beginners-guide_059652787X.html","200","OK"
"http://live.rusff.ru","200","OK"
"http://0tso.co.at","1000","The remote name could not be resolved: '0tso.co.at'"
"http://www.0chan.ru/rabochih_mest_budet_sozdano_v.html","200","OK"
"http://www.gravity-force.de","200","OK"
"http://www.024review.info/deals-build-your-own-web-site-the-right-way-using-html-css-2nd-edition_0980455278.html","200","OK"
"http://maryland.0puppies.com","200","OK"
"http://www.mylinktrain.com","200","OK"
"http://www.0chan.ru/Bashar_Asad_teryaet_storonnikov_v.html","200","OK"
"http://0tub.com","404","Not Found"
"http://www.024review.info/deals-kelly-peters-make-it-happen-hip-hop_B000C65YZI.html","200","OK"
"http://ch.oakley.com","200","OK"
"http://www.0chan.ru/Zamministra_nefti_Sirii_sbezhal.html","200","OK"
"http://blog.0rz.tw","200","OK"
"http://www.gravity-strike.de","200","OK"
"http://sectusempra.rusff.ru","200","OK"
"http://www.024review.info/deals-the-easiest-way-to-learn-the-tarot-ever_1419692887.html","200","OK"
"http://www.0chan.ru/Ceni_na_neft_na_mirovom_rinke.html","200","OK"
"http://massachusetts.0puppies.com","200","OK"
"http://www.024review.info/deals-head-first-sql-your-brain-on-sql-a-learners-guide_0596526849.html","200","OK"
"http://vk.com","200","OK"
"http://www.wings2.net","200","OK"
"http://0turn.com","200","OK"
"http://help.pixnet.tw","200","OK"
"http://www.024review.info/deals-starting-off-on-the-right-foot-a-beginners-guide-to-running-well_B00AAP1JO6.html","200","OK"
"http://www.competitionpro.com","403","Forbidden"
"http://0ui3gzlp.com","1000","The remote name could not be resolved: '0ui3gzlp.com'"
"http://michigan.0puppies.com","200","OK"
"http://0ve0-zsu-jm6.de","1000","The remote name could not be resolved: '0ve0-zsu-jm6.de'"
"http://se.oakley.com","200","OK"
"http://www.0chan.ru/Eksperti_ne_prognoziruyut.html","200","OK"
"http://0verchan.info","200","OK"
"http://www.024review.info/deals-c-primer-plus-5th-edition_0672326973.html","200","OK"
"http://minnesota.0puppies.com","200","OK"
"http://statcounter.com","200","OK"
"http://uk.oakley.com","200","OK"
"http://www.024review.info/deals-guitar-for-dummies_0764599046.html","200","OK"
"http://0www.gov","1000","The remote name could not be resolved: '0www.gov'"
"http://www.0chan.ru/SMNP_Kozmino_dosrochno_vipolnil_.html","200","OK"
"http://www.024review.info/deals-head-first-php-mysql_0596006306.html","200","OK"
"http://au.oakley.com","200","OK"
"http://mississippi.0puppies.com","200","OK"
"http://www.0chan.ru/Promishlennoe_proizvodstvo_v.html","200","OK"
"http://www.024review.info/tags-beginner+skates.html","200","OK"
"http://twitter.com","200","OK"
"http://0utlook.com","200","OK"
"http://www.eatproxy.com","200","OK"
"http://www.0chan.ru/V_yanvare_aprele_g_RF_uvelichila.html","200","OK"
"http://www.024review.info/tags-beginner+snowboard.html","200","OK"
"http://0x0000007b.info","200","OK"
"http://www.024review.info/tags-beginners+guide.html","200","OK"
"http://missouri.0puppies.com","200","OK"
"http://zenectwealth.com","200","OK"
"http://www.0chan.ru/V_noch_na_sentyabrya_na_kazanskom.html","200","OK"
"http://www.0x0000007b.info","200","OK"
"http://www.proxytor.com","200","OK"
"http://www.024review.info/tags-exercise.html","200","OK"
"http://montana.0puppies.com","200","OK"
"http://www.024review.info/tags-figure+skating.html","200","OK"
"http://cn.oakley.com","200","OK"
"http://www.0x0000007b.info/system-boot-download.html","200","OK"
"http://www.forbes.com","200","OK"
"http://www.pixnet.net","200","OK"
"http://0rland0.com","200","OK"
"http://www.024review.info/tags-fitness.html","200","OK"
"http://nebraska.0puppies.com","200","OK"
"http://www.0chan.ru/Rosneft_vikupaet_dolyu_TNK_VR_v.html","200","OK"
"http://in.oakley.com","200","OK"
"http://nevada.0puppies.com","200","OK"
"http://www.024review.info/tags-for+beginners.html","200","OK"
"http://www.marketwatch.com","200","OK"
"http://www.oakleyindonesia.com","200","OK"
"http://www.youtube.com","200","OK"
"http://www.0x0000007b.info/system-fix-download.html","200","OK"
"http://www.024review.info/tags-for+dummies.html","200","OK"
"http://www.centurian.org","200","OK"
"http://jp.oakley.com","200","OK"
"http://www.0chan.ru/Ingushetiya_budet_proizvodit.html","200","OK"
"http://newhampshire.0puppies.com","200","OK"
"http://0x24.co","1000","The remote name could not be resolved: '0x24.co'"
"http://www.0rland0.com","200","OK"
"http://www.024review.info/tags-guitar.html","200","OK"
"http://chatovod.ru","200","OK"
"http://www.0chan.ru/Armeniya_dogovorilas_s_RF_o.html","200","OK"
"http://newjersey.0puppies.com","200","OK"
"http://www.everyproxysite.com","200","OK"
"http://0x80070057.com","200","OK"
"http://www.0rland0.com/disney-world-hotel-deals","200","OK"
"http://www.0x80070057.com","200","OK"
"http://www.024review.info/tags-ice+skates.html","200","OK"
"http://www.0x80070057.com/wp-login.php","403","Forbidden"
"http://www.0chan.ru/Indiya_povisila_proizvodstvo.html","200","OK"
"http://newmexico.0puppies.com","200","OK"
"http://www.proxi-list.com","200","OK"
"http://ja.wordpress.org","200","OK"
"http://www.0chan.ru/Apple_postroit_v_SShA_zavod_na.html","200","OK"
"http://masque.rusff.ru","200","OK"
"http://www.024review.info/tags-ice+skating.html","200","OK"
"http://www.0x0000007b.info/0x0000007b-fix-download.html","200","OK"
"http://www.juvos.com","200","OK"
"http://newyork.0puppies.com","200","OK"
"http://www.0x0000007b.info/0x0000007B-roxio-easy-cd-registry-repair-windows-cd.html","200","OK"
"http://www.0x0000007b.info/stop-0x0000007b.html","200","OK"
"http://www.0chan.ru/Miller_provel_v_Erevane.html","200","OK"
"http://www.024review.info/tags-inline+skates.html","200","OK"
"http://www.0x0000007b.info/stop-0x7b.html","200","OK"
"http://money.cnn.com","200","OK"
"http://pixnet.tw","200","OK"
"http://www.0x0000007b.info/0x0000007B-roxio-easy-cd-registry-repair.html","200","OK"
"http://www.0rland0.com/disney-world-ticket-deals","200","OK"
"http://wordpress.org","200","OK"
"http://www.0x0000007b.info/0x0000007b-0xc0000034.html","200","OK"
"http://www.unubstruct.com","200","OK"
"http://www.0chan.ru/Spiker_parlamenta_Armenii.html","200","OK"
"http://www.0x0000007b.info/0x0000007b-0xf78d2524.html","200","OK"
"http://northcarolina.0puppies.com","200","OK"
"http://www.024review.info/tags-inline+skating.html","200","OK"
"http://blogs.wsj.com","200","OK"
"http://www.0chan.ru/Novoe_zdanie_aeroporta_v_Nizhnem.html","200","OK"
"http://www.openrestaurant.com.hk","200","OK"
"http://wordpress.com","200","OK"
"http://www.0x0000007b.info/0x0000007b-error-on-dell-pc.html","200","OK"
"http://www.024review.info/tags-mens+beginner+skates.html","200","OK"
"http://www.0chan.ru/SShA_po_dannim_na_noyabr_goda.html","200","OK"
"http://www.0x0000007b.info/0x0000007b-error-on-toshiba-laptop.html","200","OK"
"http://www.facebook.com","200","OK"
"http://www.0rland0.com/orlando-hotel-deals","200","OK"
"http://northdakota.0puppies.com","200","OK"
"http://0xhost.net","404","Not Found"
"http://http","1000","The remote name could not be resolved: 'http'"
"http://www.0x0000007b.info/error-message-0x7b-on-sony-vaio-e-pc.html","200","OK"
"http://www.0chan.ru/Burovie_ustanovki_v_obmen_na.html","200","OK"
"http://www.024review.info/tags-mens+beginner+snowboard.html","200","OK"
"http://www.0x0000007b.info/privacy-policy.html","200","OK"
"http://merrygoround.rusff.ru","200","OK"
"http://www.0chan.ru/Kazahstan_eksportiruet_v.html","200","OK"
"http://www.0rland0.com/universal-studios-orlando-ticket-deals","200","OK"
"http://webevader.org","200","OK"
"http://ohio.0puppies.com","200","OK"
"http://www.024review.info/tags-mens+inline+skates.html","200","OK"
"http://www.0x0000007b.info/link-to-us.html","200","OK"
"http://www.0rland0.com/disney-world-vacation-deals","200","OK"
"http://www.unlock5.com","200","OK"
"http://twitter.com","200","OK"
"http://www.0chan.ru/Ukraina_peresmatrivaet.html","200","OK"
"http://www.0x0000007b.info/disclaimer.html","200","OK"
"http://www.024review.info/tags-mens+rollerblades.html","200","OK"
"http://www.0x0000007b.info/contact-us.html","200","OK"
"http://0xc0000005.com","200","OK"
"http://www.0x0000007b.info/sitemap.html","200","OK"
"http://proxie.me","200","OK"
"http://oklahoma.0puppies.com","200","OK"
"http://0xpro.com","200","OK"
"http://www.0chan.ru/Garanta_zac_kaviv_bruneyskiy.html","200","OK"
"http://www.0xc0000005.com/index.de.html","200","OK"
"http://www.0rland0.com/universal-studios-orlando-vacation-deals","200","OK"
"http://www.0x0000007b.info/0x0000007b-message-on-acer-aspire-v3-571g-computer.html","200","OK"
"http://www.024review.info/tags-mens+skates.html","200","OK"
"http://www.0xc0000005.com/index.es.html","200","OK"
"http://www.0x0000007b.info/0x0000007b-message-on-hp-envy-sleekbook-6z-notebook.html","200","OK"
"http://www.0chan.ru/quot_Ukrtelekomom_quot_interesuyutsya_.html","200","OK"
"http://www.024review.info/tags-roces.html","200","OK"
"http://www.0xc0000005.com/index.fr.html","200","OK"
"http://www.proxymotion.com","200","OK"
"http://oregon.0puppies.com","200","OK"
"http://www.0x0000007b.info/0x0000007b-error-on-lenovo-thinkpad-t430s-pc.html","200","OK"
"http://www.0x0000007b.info/error-0x0000007b-on-hp-envy-x2-notebook.html","200","OK"
"http://www.024review.info/tags-rollerblade.html","200","OK"
"http://www.0chan.ru/Zavod_po_sortirovke_stekloboya.html","200","OK"
"http://www.0xc0000005.com/index.nl.html","200","OK"
"http://www.0xpro.com/shared-hosting.php","200","OK"
"http://www.0chan.ru/Belarus_i_Turciya_rassmatrivayut_.html","200","OK"
"http://www.0rland0.com/seaworld-orlando-ticket-deals","200","OK"
"http://www.0x0000007b.info/0x0000007b-message-on-acer-aspire-s7-computer.html","200","OK"
"http://www.0xc0000005.com/index.ru.html","200","OK"
"http://www.0xc0000005.com","200","OK"
"http://www.0x0000007b.info/0x7b-error-on-fujitsu-siemens-pc.html","200","OK"
"http://pennsylvania.0puppies.com","200","OK"
"http://www.024review.info/tags-skating.html","200","OK"
"http://www.0xc0000005.com/error-0xc0000005.html","200","OK"
"http://www.0chan.ru/Bolee_Br_mlrd_planiruetsya.html","200","OK"
"http://www.0xpro.com/dedicated-servers.php","200","OK"
"http://www.0rland0.com/busch-gardens-florida-ticket-deals","200","OK"
"http://www.0xc0000005.com/how-to-repair-windows-7.html","200","OK"
"http://rhodeisland.0puppies.com","200","OK"
"http://proshowproducer.ru","200","OK"
"http://www.0x0000007b.info/0x7b-error-on-toshiba-satellite-s875-laptop.html","200","OK"
"http://www.0chan.ru/Lekarstva_v_Ukraine_podorozhali.html","200","OK"
"http://www.024review.info/tags-womens+skates.html","200","OK"
"http://www.youtube.com","200","OK"
"http://www.0rland0.com/disney-world","200","OK"
"http://www.0x0000007b.info/0x7b-error-on-apple-macbook-pro-13-inch-retina-display-laptop.html","200","OK"
"http://www.0xpro.com","200","OK"
"http://www.hidefinder.com","200","OK"
"http://southcarolina.0puppies.com","200","OK"
"http://www.0x0000007b.info/0x0000007b-error-on-asus-laptop.html","200","OK"
"http://www.024review.info/tags-understanding+kata.html","200","OK"
"http://www.0rland0.com/disney-world-hotels","200","OK"
"http://www.0chan.ru/Kievenergo_poluchila_zemelnih.html","200","OK"
"http://www.linkedin.com","200","OK"
"http://www.0xc0000005.com/0xc0000005-fix-download.html","200","OK"
"http://www.0xpro.com/email.php","200","OK"
"http://www.0x0000007b.info/0x0000007b-error-on-dell-latitude-6430u-notebook.html","200","OK"
"http://southdakota.0puppies.com","200","OK"
"http://www.proxysites.net","200","OK"
"http://www.024review.info/deals-tecnica-agent-100-ski-boot_B000WDSCCS.html","200","OK"
"http://theuntold.rusff.ru","200","OK"
"http://www.zenhotpicks.com","404","Not Found"
"http://www.0xc0000005.com/boot-error-fix.html","200","OK"
"http://www.0x0000007b.info/0x0000007b-on-dell-precision-m4600-laptop.html","200","OK"
"http://www.024review.info/deals-nordica-olympia-gs-8-alpine-ski-boots-women_B000YF8KR6.html","200","OK"
"http://www.0rland0.com/dinsey-world-ticket-information","200","OK"
"http://www.0xc0000005.com/0x0000008e-0xc0000005.html","200","OK"
"http://www.0x0000007b.info/0x0000007b-on-gateway-computer.html","200","OK"
"http://www.0xpro.com/ecommerce.php","200","OK"
"http://www.0chan.ru/Vstuplenie_Kirgizstana_v_TS.html","200","OK"
"http://www.024review.info/deals-nordica-speedmachine-10-ski-boots-new-2009_B001D1B432.html","200","OK"
"http://tennessee.0puppies.com","200","OK"
"http://www.0xc0000005.com/0xc0000005-solutions.html","200","OK"
"http://www.0x0000007b.info/0x0000007b-code-on-lenovo-thinkpad-twist-pc.html","200","OK"
"http://feeds.feedburner.com","200","OK"
"http://www.024review.info/deals-scarpa-mens-skookum-alpine-boot_B002GYWHT0.html","200","OK"
"http://www.0xc0000005.com/how-to-repair-windows-xp-without-cd.html","200","OK"
"http://www.0x0000007b.info/0x0000007b-on-dell-inspiron-15r-special-edition-laptop.html","200","OK"
"http://www.0xpro.com/ssl-certificates.php","200","OK"
"http://www.proxybuzz.com","200","OK"
"http://www.0xc0000005.com/how-to-repair-windows-vista.html","200","OK"
"http://www.0rland0.com/universal-studios-orlando","200","OK"
"http://www.0chan.ru/Rospotrebnadzor_Gruziya.html","200","OK"
"http://www.024review.info/deals-phoenix-90-alpine-ski-boots-mens_B0030J1FA2.html","200","OK"
"http://www.0xc0000005.com/last-known-good-configuration.html","200","OK"
"http://lagunaznakomstv.3bb.ru","200","OK"
"http://texas.0puppies.com","200","OK"
"http://www.0xc0000005.com/privacy-policy.html","200","OK"
"http://www.0xc0000005.com/terms-of-use.html","200","OK"
"http://hotstockanalyst.com","200","OK"
"http://www.0x0000007b.info/error-0x0000007b-on-acer-pc.html","200","OK"
"http://www.024review.info/deals-quest-12-at-boot-mens-by-salomon_B003VUNBX4.html","200","OK"
"http://www.0xpro.com/blogs.php","200","OK"
"http://www.0xc0000005.com/link-to-us.html","200","OK"
"http://www.0chan.ru/FIS_prognoziruet_rost_torgovih.html","200","OK"
"http://www.0xc0000005.com/sitemap.html","200","OK"
"http://www.024review.info/deals-salomon-quest-8-ski-boots-crystal-translucentblack_B003VY1QCS.html","200","OK"
"http://utah.0puppies.com","200","OK"
"http://feedproxy.google.com","200","OK"
"http://www.024review.info/deals-salomon-quest-8-ski-boots-cold-sea-translucentwhite-womens_B003VY8K86.html","200","OK"
"http://www.0chan.ru/Azarov_prodast_polovinu.html","200","OK"
"http://www.0xpro.com/cpanel.php","200","OK"
"http://www.0x0000007b.info/stop-error-0x0000007b-on-lenovo-g475-laptop.html","200","OK"
"http://vermont.0puppies.com","200","OK"
"http://www.024review.info/deals-dragon-100-ultrafit-alpine-ski-boots-mens_B0045S1OK8.html","200","OK"
"http://www.024review.info/tags-alpina.html","200","OK"
"http://www.0x0000007b.info/error-0x0000007b-on-samsung-e-pc.html","200","OK"
"http://www.0xc0000005.com/0xc0000005-driver-download.html","200","OK"
"http://www.0xpro.com/forums.php","200","OK"
"http://www.024review.info/tags-alpine+ski+boots.html","200","OK"
"http://www.0rland0.com/blue-man-group-orlando","200","OK"
"http://zenectrealtynews.com","200","OK"
"http://www.0x0000007b.info/system-error-0x0000007b-on-fujitsu-siemens-esprimo-laptop.html","200","OK"
"http://www.0chan.ru/kolbas_soderzhat_krasiteli.html","200","OK"
"http://quadrosystems.ru","200","OK"
"http://www.024review.info/tags-atomic.html","200","OK"
"http://www.0xc0000005.com/data-execution-prevention.es.html","200","OK"
"http://www.0xpro.com/contact.php","200","OK"
"http://www.0x0000007b.info/error-code-0x7b-on-compaq-evo-laptop.html","200","OK"
"http://www.024review.info/tags-dalbello.html","200","OK"
"http://virginia.0puppies.com","200","OK"
"http://www.0rland0.com/seaworld-orlando","200","OK"
"http://www.0xc0000005.com/0x0000008e-0xc0000005.es.html","200","OK"
"http://bb.rusff.ru","200","OK"
"http://www.024review.info/tags-dalbello+ski+boots.html","200","OK"
"http://www.0x0000007b.info/error-code-0x0000007b-on-lenovo-g580-pc.html","200","OK"
"http://www.0rland0.com/legoland-orlando","200","OK"
"http://www.0x0000007b.info/0x0000007b-message-on-toshiba-portege-r930-laptop.html","200","OK"
"http://www.0xpro.com/terms.php","200","OK"
"http://www.0rland0.com/busch-gardens-tampa","200","OK"
"http://www.024review.info/tags-lange.html","200","OK"
"http://washington.0puppies.com","200","OK"
"http://www.0chan.ru/Issledovanie_rinka_kabelnoy.html","200","OK"
"http://www.024review.info/tags-mens+atomic+boots.html","200","OK"
"http://www.0x0000007b.info/0x0000007b-message-on-dell-xps-13-laptop.html","200","OK"
"http://0zz0.com","200","OK"
"http://www.0xpro.com/domainchecker.php","200","OK"
"http://www.024review.info/tags-mens+dalbello+boots.html","200","OK"
"http://www.0x0000007b.info/error-0x0000007b-on-samsung-series-5-np535u4c-a01us-computer.html","200","OK"
"http://www.0rland0.com/wet-n-wild-orlando","200","OK"
"http://westvirginia.0puppies.com","200","OK"
"http://www.0x0000007b.info/0x7b-error-on-panasonic-laptop.html","200","OK"
"http://www.024review.info/tags-mens+nordica+boots.html","200","OK"
"http://online.wsj.com","200","OK"
"http://www.0xpro.com/index.php","200","OK"
"http://wisconsin.0puppies.com","200","OK"
"http://www.proxysites.in","200","OK"
"http://www.0chan.ru/Zakon_pro_GTS_p_dvischit_efektivn_.html","200","OK"
"http://www.bbc.co.uk","1000","The remote name could not be resolved: 'www.bbc.co.uk'"
"http://www.0xpro.com/announcements.php","200","OK"
"http://wyoming.0puppies.com","1000","The remote name could not be resolved: 'wyoming.0puppies.com'"
"http://www.0x0000007b.info/0x0000007b-code-on-lenovo-thinkpad-x1-carbon-laptop.html","200","OK"
"http://www.0chan.ru/Neft_podeshevela_do_za_barrel.html","200","OK"
"http://www.0xc0000005.com/dinero-por-encuestas.html","200","OK"
"http://www.0rland0.com/old-town-in-kissimmee","200","OK"
"http://unblock.me","1000","The remote name could not be resolved: 'unblock.me'"
"http://www.0xpro.com/knowledgebase.php","200","OK"
"http://annuaire.yagoort.org","200","OK"
"http://www.0xc0000005.com/changing-laptop-memory.es.html","200","OK"
"http://www.ft.com","1000","The remote name could not be resolved: 'www.ft.com'"
"http://www.0zz0.com","","The request was aborted: The connection was closed unexpectedly."
"http://www.0xpro.com/serverstatus.php","200","OK"
"http://www.0rland0.com/gatorland-orlando","200","OK"
"http://www.0xc0000005.com/sitemap.es.html","200","OK"
"http://1.fm","1000","The remote name could not be resolved: '1.fm'"
"http://www.0xc0000005.com/data-execution-prevention.fr.html","200","OK"
"http://www.0rland0.com/shopping-in-orlando","200","OK"
"http://www.isurfproxy.net","","Unable to connect to the remote server"
"http://www.http","1000","The remote name could not be resolved: 'www.http'"
"http://www.0xpro.com/affiliates.php","200","OK"
"http://www.0xc0000005.com/0x0000008e-0xc0000005.fr.html","200","OK"
"http://1.org","200","OK"
"http://www.0zz0.com/index.php","200","OK"
"http://www.0xc0000005.com/changing-laptop-memory.fr.html","200","OK"
"http://www.0rland0.com/premium-outlets-orlando","200","OK"
"http://www.0xc0000005.com/sitemap.fr.html","200","OK"
"http://www.0xc0000005.com/data-execution-prevention.nl.html","200","OK"
"http://www.project94.org","200","OK"
"http://www.theproxi.com","200","OK"
"http://www.0xc0000005.com/0x0000008e-0xc0000005.nl.html","200","OK"
"http://www.0x0000007b.info/error-0x0000007b-on-asus-pc.html","200","OK"
"http://www.4up.com","1000","The remote name could not be resolved: 'www.4up.com'"
"http://captchas.net","1000","The remote name could not be resolved: 'captchas.net'"
"http://wealth.zenect.com","200","OK"
"http://www.unblockfacebooknow.org","1000","The remote name could not be resolved: 'www.unblockfacebooknow.org'"
"http://www.android4ar.com","1000","The remote name could not be resolved: 'www.android4ar.com'"
"http://audio.captchas.net","1000","The remote name could not be resolved: 'audio.captchas.net'"
"http://www.0xc0000005.com/changing-laptop-memory.nl.html","","The operation has timed out"
"http://www.0x0000007b.info/0x7b-error-on-hp-pavilion-dm4-computer.html","","The request was aborted: The operation has timed out."
"http://1.vg","1000","The remote name could not be resolved: '1.vg'"
"http://www.getproxies.net","1000","The remote name could not be resolved: 'www.getproxies.net'"
"http://forums.3roos.com","1000","The remote name could not be resolved: 'forums.3roos.com'"
"http://www.pir.org","1000","The remote name could not be resolved: 'www.pir.org'"
"http://10.com","1000","The remote name could not be resolved: '10.com'"
"http://www.0xc0000005.com/sitemap.nl.html","","The operation has timed out"
"http://www.0x0000007b.info/0x0000007b-on-toshiba-satellite-p875-pc.html","","The operation has timed out"
"http://www.024review.info/tags-mens+ski+gear.html","200","OK"
"http://www.0xc0000005.com/c000021a-0xc0000005.html","200","OK"
"http://blockk.info","1000","The remote name could not be resolved: 'blockk.info'"
"http://voice.7p-e.com","1000","The remote name could not be resolved: 'voice.7p-e.com'"
"http://www.0x0000007b.info/0x0000007b-on-lenovo-laptop.html","200","OK"
"http://www.whyichose.org","1000","The remote name could not be resolved: 'www.whyichose.org'"
"http://www.0x0000007b.info/0x0000007b-error-on-hp-pavilion-sleekbook-15z-b000-pc.html","200","OK"
"http://www.0xc0000005.com/0x0000007e-0xc0000005.html","200","OK"
"http://www.0x0000007b.info/0x7b-error-on-lenovo-g580-notebook.html","200","OK"
"http://www.0xc0000005.com/0xc0000005-windows-7.html","200","OK"
"http://1000000hits.com","1000","The remote name could not be resolved: '1000000hits.com'"
"http://www.0xc0000005.com/0xc0000005-access-violation.html","200","OK"
"http://www.024review.info/tags-mens+tecnica+boots.html","1000","The remote name could not be resolved: 'www.024review.info'"
"http://www.0xc0000005.com/data-execution-prevention.html","200","OK"
"http://www.0xc0000005.com/0xc0000005-google-chrome.html","200","OK"
"http://www.0xc0000005.com/system-restore-xp.html","200","OK"
"http://www.freefacebookproxies.com","1000","The remote name could not be resolved: 'www.freefacebookproxies.com'"
"http://www.0x0000007b.info/error-0x0000007b-on-lenovo-thinkpad-x230-laptop.html","200","OK"
"http://www.hawaalive.com","1000","The remote name could not be resolved: 'www.hawaalive.com'"
"http://www.0x0000007b.info/error-0x0000007b-on-samsung-series-9-pc.html","200","OK"
"http://www.godaddy.com","1000","The remote name could not be resolved: 'www.godaddy.com'"
"http://www.0x0000007b.info/system-error-0x0000007b-on-sony-vaio-pcg-laptop.html","200","OK"
"http://www.enom.com","200","OK"
"http://www.0xc0000005.com/exception-0xc0000005.html","200","OK"
"http://www.0x0000007b.info/0x0000007b-on-lenovo-g770-pc.html","200","OK"
"http://1000000pics.com","1000","The remote name could not be resolved: '1000000pics.com'"
"http://www.024review.info/tags-nordica.html","1000","The remote name could not be resolved: 'www.024review.info'"
"http://www.0x0000007b.info/error-0x0000007b-on-acer-extensa-computer.html","200","OK"
"http://www.proxyreporter.com","1000","The remote name could not be resolved: 'www.proxyreporter.com'"
"http://www.assayyarat.com","1000","The remote name could not be resolved: 'www.assayyarat.com'"
"http://www.024review.info/tags-nordica+boots.html","200","OK"
"http://www.0x0000007b.info/error-code-0x7b-on-airis-pragma-computer.html","200","OK"
"http://www.024review.info/tags-nordica+ski+boots.html","200","OK"
"http://project94.org","1000","The remote name could not be resolved: 'project94.org'"
"http://www.0xc0000005.com/index.html","","The operation has timed out"
"http://100000chaveiros.com","","The operation has timed out"
"http://www.proxy4free.com","1000","The remote name could not be resolved: 'www.proxy4free.com'"
"http://www.arbandroid.com","1000","The remote name could not be resolved: 'www.arbandroid.com'"
"http://100000freecliparts.com","1000","The remote name could not be resolved: '100000freecliparts.com'"
"http://100000-resources.com","1000","The remote name could not be resolved: '100000-resources.com'"
"http://www.0xc0000005.com/registry-cleaner.html","","The operation has timed out"
"http://proxysites.im","1000","The remote name could not be resolved: 'proxysites.im'"
"http://www.kora.me","1000","The remote name could not be resolved: 'www.kora.me'"
"http://100000watts.com","1000","The remote name could not be resolved: '100000watts.com'"
"http://10000boatnames.com","1000","The remote name could not be resolved: '10000boatnames.com'"
"http://www.exactseek.com","1000","The remote name could not be resolved: 'www.exactseek.com'"
"http://www.lazezh.com","1000","The remote name could not be resolved: 'www.lazezh.com'"
"http://www.024review.info/tags-salomon+ski+boots.html","200","OK"
"http://www.0xc0000005.com/changing-laptop-memory.html","","The operation has timed out"
"http://10000degrees.org","1000","The remote name could not be resolved: '10000degrees.org'"
"http://www.0xc0000005.com/dep-exceptions.html","200","OK"
"http://www.024review.info/tags-tecnica.html","200","OK"
"http://www.0x0000007b.info/error-code-0x0000007b-on-toshiba-thrive-pc.html","200","OK"
"http://www.0xc0000005.com/turn-off-dep.html","200","OK"
"http://www.0xc0000005.com/file-recovery-software.html","200","OK"
"http://www.024review.info/tags-tecnica+ski+boots.html","200","OK"
"http://10000flavors.com","1000","The remote name could not be resolved: '10000flavors.com'"
"http://www.0x0000007b.info/0x0000007b-on-lenovo-thinkpad-laptop.html","200","OK"
"http://www.024review.info/tags-womens+downhill+boots.html","200","OK"
"http://www.freewebsubmission.com","1000","The remote name could not be resolved: 'www.freewebsubmission.com'"
"http://motors.ot2.com","1000","The remote name could not be resolved: 'motors.ot2.com'"
"http://www.0x0000007b.info/0x0000007b-on-lenovo-g470-computer.html","200","OK"
"http://www.0xc0000005.com/spyware-with-antivirus.html","200","OK"
"http://www.024review.info/tags-womens+ski+boots.html","200","OK"
"http://www.0x0000007b.info/error-0x0000007b-on-sager-np2-laptop.html","200","OK"
"http://10000freegames.com","1000","The remote name could not be resolved: '10000freegames.com'"
"http://www.0x0000007b.info/error-message-0x7b-on-samsung-m-series-laptop.html","200","OK"
"http://www.0x0000007b.info/error-0x7b-on-gateway-p-notebook.html","200","OK"
"http://www.0xc0000005.com/free-antivirus-software.html","200","OK"
"http://www.0x0000007b.info/error-message-0x7b-on-lenovo-g780-laptop.html","200","OK"
"http://www.0xc0000005.com/404-page.html","403","Forbidden"
"http://10000lakesconcours.com","1000","The remote name could not be resolved: '10000lakesconcours.com'"
"http://www.024review.info/tags-womens+ski+gear.html","200","OK"
"http://www.0xc0000005.com/index.php","404","Not Found"
"http://10000stepsaustralia.com","1000","The remote name could not be resolved: '10000stepsaustralia.com'"
"http://10000watts.com","1000","The remote name could not be resolved: '10000watts.com'"
"http://www.024review.info/deals-her-last-letter_B003JBHOVA.html","200","OK"
"http://www.0xc0000005.com/soporte.php","404","Not Found"
"http://www.0x0000007b.info/stop-0x0000007b-on-dell-precision-notebook.html","200","OK"
"http://www.0xc0000005.com/terminosycondiciones.php","404","Not Found"
"http://www.024review.info/deals-bowtie-magnum-ski-carrier-it-really-is-simply-the-finest_B0046BAO1Y.html","200","OK"
"http://www.0xc0000005.com/politicadeprivacidad.php","404","Not Found"
"http://www.024review.info/deals-soft-skiing-the-secrets-of-effortless-low-impact-skiing-for-older-skie_0941283224.html","200","OK"
"http://www.0xc0000005.com/descargodeganancias.php","404","Not Found"
"http://www.0x0000007b.info/0x0000007b-on-gateway-t-notebook.html","200","OK"
"http://www.0xc0000005.com/afiliados.php","404","Not Found"
"http://1000aday.info","1000","The remote name could not be resolved: '1000aday.info'"
"http://1000amateurs.blogspot.com","404","Not Found"
"http://www.024review.info/deals-her-last-letter_0979190908.html","200","OK"
"http://www.0x0000007b.info/0x0000007b-error-on-emachines-w-series-laptop.html","200","OK"
"http://www.0x0000007b.info/0x0000007b-message-on-samsung-series-9-np900x4c-computer.html","200","OK"
"http://1000advices.com","1000","The remote name could not be resolved: '1000advices.com'"
"http://1000asianbeauties.blogspot.com","200","OK"
"http://1000attorneys.com","","The operation has timed out"
"http://1000awesomethings.com","","The operation has timed out"
"http://1000bites.com","1000","The remote name could not be resolved: '1000bites.com'"
"http://www.vatgia.com","1000","The remote name could not be resolved: 'www.vatgia.com'"
"http://www.0xc0000005.com/0xc0000005-tuneup-download.html","","The operation has timed out"
"http://www.024review.info/deals-ultimate-skiing_0736079599.html","200","OK"
"http://1000bulbs.com","1000","The remote name could not be resolved: '1000bulbs.com'"
"http://1000caloriechallenge.com","1000","The remote name could not be resolved: '1000caloriechallenge.com'"
"http://www.024review.info/deals-alpine-skiing-outdoor-adventures-series_0736083553.html","200","OK"
"http://1000--cashloan.com","1000","The remote name could not be resolved: '1000--cashloan.com'"
"http://www.kqzyfj.com","1000","The remote name could not be resolved: 'www.kqzyfj.com'"
"http://www.024review.info/deals-the-new-guide-to-skiing-a-step-by-step-guide-in-color-revised-edition_0393319660.html","200","OK"
"http://1000asianbeauties.blogspot.in","200","OK"
"http://www.024review.info/deals-breakthrough-on-the-new-skis-say-goodbye-to-the-intermediate-blues_0878425276.html","200","OK"
"http://www.024review.info/deals-centered-skier_0963248405.html","200","OK"
"http://www.0x0000007b.info/0x7b-error-on-hp-elitebook-8770w-laptop.html","200","OK"
"http://www.ganandodineroporencuestas.com","200","OK"
"http://www.anrdoezrs.net","200","OK"
"http://www.024review.info/deals-the-essential-guide-to-skiing-201-things-every-skier-must-know_0974625418.html","200","OK"
"http://1000chi.com","1000","The remote name could not be resolved: '1000chi.com'"
"http://1000chistes.com","1000","The remote name could not be resolved: '1000chistes.com'"
"http://www.0x0000007b.info/stop-error-0x0000007b-on-apple-macbook-laptop.html","200","OK"
"http://1000corks.com","1000","The remote name could not be resolved: '1000corks.com'"
"http://www.024review.info/deals-how-i-ski-expert-alpine-skiing-demystified_1466366753.html","200","OK"
"http://www.blogger.com","1000","The remote name could not be resolved: 'www.blogger.com'"
"http://www.0x0000007b.info/system-error-0x0000007b-on-hp-compaq-laptop.html","200","OK"
"http://www.0x0000007b.info/0x7b-error-on-hp-mini-pc.html","200","OK"
"http://www.0x0000007b.info/index.html","200","OK"
"http://www.0x0000007b.info/0x7b-error-on-lenovo-ideapad-y580-computer.html","200","OK"
"http://www.0x0000007b.info/0x7b-error-on-alienware-m17x-r4-laptop.html","200","OK"
"http://www.024review.info/deals-the-physics-of-skiing-skiing-at-the-triple-point_1563963191.html","200","OK"
"http://1000cranesofhope.com","1000","The remote name could not be resolved: '1000cranesofhope.com'"
"http://1000days.net","1000","The remote name could not be resolved: '1000days.net'"
"http://1000dollarsdaily.com","1000","The remote name could not be resolved: '1000dollarsdaily.com'"
"http://www.024review.info/tags-all+mountain+skis.html","200","OK"
"http://www.0x0000007b.info/error-0x0000007b-on-hp-envy-4-laptop.html","200","OK"
"http://www.024review.info/tags-downhill+ski+poles.html","200","OK"
"http://1000dosok.org","1000","The remote name could not be resolved: '1000dosok.org'"
"http://1000freebies.com","1000","The remote name could not be resolved: '1000freebies.com'"
"http://2.bp.blogspot.com","1000","The remote name could not be resolved: '2.bp.blogspot.com'"
"http://www.024review.info/tags-elan.html","200","OK"
"http://www.0x0000007b.info/0x0000007b-code-on-asus-zenbook-ux32vd-laptop.html","200","OK"
"http://3.bp.blogspot.com","404","Not Found"
"http://1.bp.blogspot.com","404","Not Found"
"http://4.bp.blogspot.com","404","Not Found"
"http://www.0x0000007b.info/0x0000007b-error-on-samsung-series-3-chromebook-laptop.html","200","OK"
"http://www.024review.info/tags-elan+skis.html","200","OK"
"http://www.0x0000007b.info/0x0000007b-error-on-hp-folio-13-notebook.html","200","OK"
"http://1000dosok.ru","200","OK"
"http://1000figurines.com","200","OK"
"http://www.024review.info/tags-mens+downhill+skis.html","200","OK"
"http://www.0x0000007b.info/error-0x0000007b-on-sony-computer.html","200","OK"
"http://plus.google.com","200","OK"
"http://www.0x0000007b.info/0x0000007b-error-on-acer-aspire-timeline-ultra-m3-laptop.html","200","OK"
"http://www.024review.info/tags-ski+poles.html","200","OK"
"http://1000fountains.com","200","OK"
"http://stallionstation.com","200","OK"
"http://www.024review.info/tags-skis+with+bindings.html","200","OK"
"http://www.1000dosok.ru/index.php","200","OK"
"http://www.0x0000007b.info/error-0x0000007b-on-alienware-m14x-r2-computer.html","200","OK"
"http://1000asianbeauties.blogspot.com","200","OK"
"http://www.0x0000007b.info/error-0x0000007b-on-asus-s400ca-computer.html","200","OK"
"http://www.024review.info/tags-snow+skiing.html","200","OK"
"http://www.1000dosok.ru/goo.php","200","OK"
"http://www.0x0000007b.info/system-error-0x7b-on-sharp-actius-computer.html","200","OK"
"http://www.1000dosok.ru/kabinet.php","200","OK"
"http://www.024review.info/tags-secret+service.html","200","OK"
"http://1000freegames.com","","The operation has timed out"
"http://www.linkwithin.com","1000","The remote name could not be resolved: 'www.linkwithin.com'"
"http://www.1000fountains.com","200","OK"
"http://1000friendsofflorida.org","1000","The remote name could not be resolved: '1000friendsofflorida.org'"
"http://www.1000dosok.ru/goo2.php","200","OK"
"http://www.024review.info/deals-armada-cantika-ski-womens_B0018WQ918.html","200","OK"
"http://www.addme.com","200","OK"
"http://prettyvietnamgirl.blogspot.com","1000","The remote name could not be resolved: 'prettyvietnamgirl.blogspot.com'"
"http://www.024review.info/deals-black-diamond-verdict-skis_B002M8NKWS.html","200","OK"
"http://1000friendsofwaco.com","1000","The remote name could not be resolved: '1000friendsofwaco.com'"
"http://www.1000dosok.ru/doski.php","200","OK"
"http://www.024review.info/deals-salomon-mens-knight-skis_B002QZVWLI.html","200","OK"
"http://www.1000dosok.ru/help.php","200","OK"
"http://www.webstat.com","1000","The remote name could not be resolved: 'www.webstat.com'"
"http://www.1000dosok.ru/1000rassil.php","200","OK"
"http://nozomisasakihot.blogspot.com","1000","The remote name could not be resolved: 'nozomisasakihot.blogspot.com'"
"http://www.024review.info/deals-shadow-147-_B002UC26DA.html","200","OK"
"http://www.1000dosok.ru","200","OK"
"http://www.024review.info/deals-line-chronic-skis_B002UC45IY.html","200","OK"
"http://www.1000dosok.ru/aboutinformer2.php","200","OK"
"http://1000ftcables.com","1000","The remote name could not be resolved: '1000ftcables.com'"
"http://www.1000dosok.ru/1000prosm.php","200","OK"
"http://www.1000fountains.com/delivery.php","200","OK"
"http://www.024review.info/deals-salomon-rocker-ski_B0031CSG1O.html","200","OK"
"http://www.1000dosok.ru/1000perex.php","200","OK"
"http://1000funnypictures.com","1000","The remote name could not be resolved: '1000funnypictures.com'"
"http://www.1000dosok.ru/aboutinformer.php","200","OK"
"http://www.1000dosok.ru/irr.php","200","OK"
"http://www.1000dosok.ru/reklama.php","200","OK"
"http://www.1000dosok.ru/1000text.php","200","OK"
"http://www.1000fountains.com/shopping_cart.php","200","OK"
"http://www.1000dosok.ru/1000paket.php","200","OK"
"http://www.1000dosok.ru/vse.php","200","OK"
"http://www.1000dosok.ru/5let.php","200","OK"
"http://www.024review.info/tags-freestyle.html","200","OK"
"http://sexygirlthailand.blogspot.com","1000","The remote name could not be resolved: 'sexygirlthailand.blogspot.com'"
"http://1000giri.net","200","OK"
"http://www.024review.info/tags-freestyle+skis.html","200","OK"
"http://top.doski.ru","200","OK"
"http://1000glutenfreerecipes.com","200","OK"
"http://www.1000fountains.com/contact_us.php","200","OK"
"http://www.1000giri.net/main.html","200","OK"
"http://www.024review.info/tags-k2.html","200","OK"
"http://www.1000giri.net/compliance.html","200","OK"
"http://www.024review.info/tags-kids+skis.html","200","OK"
"http://www.1000fountains.com/accolades.php","200","OK"
"http://www.1000giri.net/join.html","200","OK"
"http://u8664.41.spylog.com","200","OK"
"http://leeeunhye-sexygirlkorea.blogspot.com","200","OK"
"http://www.024review.info/tags-mens+elan+skis.html","200","OK"
"http://www.1000giri.net/help.html","200","OK"
"http://www.024review.info/tags-mens+ski+package.html","200","OK"
"http://www.dhtml-menu-builder.com","1000","The remote name could not be resolved: 'www.dhtml-menu-builder.com'"
"http://s4.hostingkartinok.com","1000","The remote name could not be resolved: 's4.hostingkartinok.com'"
"htt